date,open,high,low,close,volume
2021-03-24,8.25,8.25,8.25,8.25,6007500
2021-03-25,8.83,8.83,8.83,8.83,1464100
2021-03-26,9.44,9.44,9.44,9.44,1078500
2021-03-29,10.09,10.09,9.83,10.09,3992200
2021-03-30,10.79,10.79,10.75,10.79,1896300
2021-03-31,11.53,11.53,11.14,11.53,4138700
2021-04-01,11.51,11.55,11.1,11.55,3793500
2021-04-02,11.34,11.57,11.34,11.57,2990700
2021-04-05,11.49,11.53,11.22,11.51,1564100
2021-04-06,11.43,11.47,11.18,11.47,1881700
2021-04-07,11.47,11.47,11.26,11.47,1208100
2021-04-08,11.38,11.38,11.26,11.3,911300
2021-04-09,11.06,11.34,11.06,11.34,955900
2021-04-12,11.18,11.34,11.06,11.34,846900
2021-04-13,11.1,11.26,11.1,11.18,433600
2021-04-14,11.06,11.16,10.98,10.98,579800
2021-04-15,10.81,11.06,10.44,11.06,1409400
2021-04-16,11.06,11.18,10.85,11.18,574400
2021-04-19,11.22,11.26,11.1,11.26,886900
2021-04-20,11.3,11.3,11.22,11.26,1465400
2021-04-22,11.18,11.26,10.98,11.26,729000
2021-04-23,11.26,11.26,10.69,10.69,853900
2021-04-26,11.06,11.14,10.79,10.98,578000
2021-04-27,10.28,11.02,10.28,11.02,705300
2021-04-28,10.65,11.04,10.65,10.98,846500
2021-04-29,10.69,11.04,10.69,11.0,1199900
2021-05-04,10.67,10.85,10.67,10.81,1055500
2021-05-05,10.81,10.85,10.69,10.83,647500
2021-05-06,10.83,11.59,10.77,11.2,1078900
2021-05-07,11.26,11.34,11.06,11.26,1122000
2021-05-10,11.26,11.47,11.06,11.47,1638300
2021-05-11,11.59,11.59,11.34,11.47,942400
2021-05-12,11.47,11.47,11.34,11.47,1429600
2021-05-13,11.47,11.67,11.1,11.59,2069300
2021-05-14,11.67,12.39,11.26,12.39,3100400
2021-05-17,12.41,13.1,12.41,12.88,3145000
2021-05-18,13.15,13.15,12.86,12.9,3096400
2021-05-19,12.9,13.08,12.08,13.0,3510600
2021-05-20,13.08,13.08,12.12,13.0,4030600
2021-05-21,13.0,13.1,12.43,13.1,4272700
2021-05-24,13.1,13.35,12.49,13.35,2716700
2021-05-25,13.47,14.27,12.49,14.27,3725900
2021-05-26,14.29,15.23,13.72,15.23,2720400
2021-05-27,15.28,15.3,14.35,15.17,2077400
2021-05-28,15.15,15.97,14.54,15.97,2006200
2021-05-31,15.97,16.71,15.56,16.71,1832500
2021-06-01,16.73,17.16,15.97,16.75,1733600
2021-06-02,16.67,17.0,15.93,17.0,1816900
2021-06-03,17.04,17.61,15.99,17.61,2794400
2021-06-04,17.77,18.63,16.42,18.63,4445100
2021-06-07,18.63,18.63,17.36,17.81,1594600
2021-06-08,17.0,17.61,16.63,17.61,2450000
2021-06-09,16.59,17.69,16.44,16.46,2641700
2021-06-10,16.59,17.45,15.36,16.91,3337900
2021-06-11,16.91,17.57,16.18,17.57,2589300
2021-06-14,17.57,17.61,16.79,17.61,2782100
2021-06-15,17.55,17.59,16.42,16.91,2466800
2021-06-16,16.91,16.91,15.81,16.3,1489700
2021-06-17,16.22,16.3,15.32,16.26,1823600
2021-06-18,15.56,16.57,15.15,16.52,2734900
2021-06-21,16.52,16.52,15.97,16.38,2216300
2021-06-22,16.38,16.42,15.93,16.4,2389900
2021-06-23,16.36,16.36,15.99,16.26,2069900
2021-06-24,16.26,16.32,15.97,16.28,2276400
2021-06-25,16.28,16.42,15.97,16.42,2106000
2021-06-28,16.22,16.79,15.77,16.71,2093400
2021-06-29,16.71,16.79,16.67,16.77,2099600
2021-06-30,16.77,16.93,16.18,16.85,2195300
2021-07-01,16.85,16.87,16.09,16.73,2349400
2021-07-02,16.75,17.36,16.36,17.36,3294900
2021-07-05,17.36,17.36,16.79,17.28,2506700
2021-07-06,17.28,17.34,16.5,17.08,3177800
2021-07-07,16.85,17.2,16.38,17.16,3388500
2021-07-08,17.12,17.12,16.59,17.0,2656800
2021-07-09,16.91,17.04,16.38,16.63,2824800
2021-07-12,16.5,16.5,15.48,15.56,1625200
2021-07-13,15.36,15.81,14.87,15.81,1732300
2021-07-14,15.77,15.77,15.19,15.64,1798000
2021-07-15,15.56,16.54,15.36,16.5,1725100
2021-07-16,16.5,16.79,15.95,16.16,1963600
2021-07-19,15.93,15.93,15.15,15.15,1590100
2021-07-20,15.15,16.09,14.33,15.99,1740500
2021-07-21,15.99,16.05,15.64,15.97,1753900
2021-07-22,15.93,16.79,15.64,16.79,2105800
2021-07-23,17.43,17.43,16.67,16.78,1460500
2021-07-26,16.74,16.74,15.86,16.27,1212300
2021-07-27,16.29,16.62,15.64,16.62,1412500
2021-07-28,16.53,16.6,16.09,16.51,1308300
2021-07-29,16.49,16.56,16.09,16.53,1488300
2021-07-30,16.51,16.62,16.09,16.36,2351600
2021-08-02,16.09,16.36,15.64,16.27,1895300
2021-08-03,16.18,16.38,16.0,16.38,1485000
2021-08-04,16.36,16.53,16.29,16.53,1721500
2021-08-05,16.51,16.78,16.0,16.65,3360800
2021-08-06,16.67,16.74,16.31,16.6,1449500
2021-08-09,16.45,16.67,16.29,16.67,1542500
2021-08-10,16.67,16.74,16.31,16.49,2707800
2021-08-11,16.22,16.51,15.86,16.42,2420300
2021-08-12,16.4,16.4,15.86,16.36,1854300
2021-08-13,16.31,16.31,15.86,16.27,2626900
2021-08-16,16.22,16.36,15.86,16.36,3049600
2021-08-17,16.36,16.76,16.31,16.45,2520300
2021-08-18,16.2,16.4,16.09,16.2,2351100
2021-08-19,16.18,16.18,15.91,16.04,2059500
2021-08-20,16.04,16.04,15.46,16.0,1814400
2021-08-23,15.91,15.95,15.62,15.78,2285100
2021-08-24,15.73,15.91,15.53,15.91,2167200
2021-08-25,15.95,16.07,15.73,15.95,2703100
2021-08-26,15.91,15.98,15.66,15.8,3278000
2021-08-27,15.78,15.8,15.28,15.8,3167600
2021-08-30,15.82,16.09,15.73,16.09,3405800
2021-08-31,16.09,16.13,15.93,16.09,3009500
2021-09-01,16.09,16.13,15.69,16.04,3849700
2021-09-06,15.78,16.07,15.69,16.04,3044100
2021-09-07,15.93,16.09,15.71,16.09,3851000
2021-09-08,16.07,16.07,15.84,15.91,3643400
2021-09-09,15.89,16.09,15.82,16.09,3575700
2021-09-10,16.09,16.11,15.93,16.09,2791000
2021-09-13,16.0,16.09,15.71,15.91,3340200
2021-09-14,15.91,16.0,15.84,15.91,2019100
2021-09-15,15.91,15.98,15.84,15.98,1987900
2021-09-16,16.0,16.07,15.75,15.98,3057900
2021-09-17,15.98,16.07,15.91,16.07,2986100
2021-09-20,16.04,16.13,16.02,16.09,2191000
2021-09-21,15.91,16.0,15.86,15.95,1626800
2021-09-22,15.98,16.0,15.71,15.95,1903900
2021-09-23,15.98,16.0,15.84,16.0,1994400
2021-09-24,16.07,16.09,15.98,16.09,1789800
2021-09-27,16.09,16.13,15.66,15.98,2507100
2021-09-28,15.91,16.02,15.84,16.02,2044000
2021-09-29,16.02,16.02,15.89,16.02,2031800
2021-09-30,16.0,16.07,15.73,16.02,2694100
2021-10-01,16.02,16.04,15.84,16.02,2032900
2021-10-04,16.02,16.04,15.84,16.02,2061000
2021-10-05,16.0,16.07,15.8,16.07,1861700
2021-10-06,16.09,16.18,15.84,16.18,2015100
2021-10-07,16.2,16.8,15.95,16.8,2020700
2021-10-08,16.83,17.21,16.8,16.98,2065900
2021-10-11,17.0,17.18,16.8,16.98,1822000
2021-10-12,17.0,17.0,16.85,16.98,2103300
2021-10-13,17.08,17.75,16.75,17.53,2697700
2021-10-14,17.51,17.68,17.39,17.6,3228100
2021-10-15,17.6,17.72,17.58,17.7,3568300
2021-10-18,17.7,17.77,17.27,17.6,2989000
2021-10-19,17.63,17.63,17.32,17.6,1764900
2021-10-20,17.51,17.6,17.42,17.6,1891100
2021-10-21,17.58,17.65,17.18,17.51,3226000
2021-10-22,17.53,17.53,17.3,17.34,2160900
2021-10-25,17.32,17.37,17.13,17.32,1899000
2021-10-26,17.27,17.32,17.01,17.25,2027000
2021-10-27,17.27,17.32,17.11,17.3,2164300
2021-10-28,17.32,17.89,17.2,17.89,1701600
2021-10-29,17.87,17.89,17.42,17.56,2120900
2021-11-01,17.46,17.63,17.13,17.6,2037300
2021-11-02,17.51,17.63,17.23,17.6,1937200
2021-11-03,17.6,18.17,17.3,18.1,2188300
2021-11-04,17.94,18.08,17.58,17.79,2295200
2021-11-05,17.79,17.79,17.27,17.79,3310100
2021-11-08,17.37,17.94,17.37,17.79,2111600
2021-11-09,17.77,17.82,17.44,17.79,2362400
2021-11-10,17.75,17.79,17.44,17.63,2213700
2021-11-11,17.6,17.6,17.37,17.49,2022800
2021-11-12,17.53,17.6,17.37,17.6,1978800
2021-11-15,17.63,17.7,17.46,17.53,2160600
2021-11-16,17.56,17.65,17.42,17.44,2192100
2021-11-17,17.46,17.49,17.16,17.44,2100500
2021-11-18,17.44,17.44,17.13,17.2,1284600
2021-11-19,17.34,17.34,17.16,17.27,1794100
2021-11-22,17.39,17.98,16.87,17.49,1270300
2021-11-23,17.72,17.72,17.39,17.49,1007800
2021-11-24,17.58,18.69,17.32,18.69,1789500
2021-11-25,19.28,19.5,18.93,19.4,1190600
2021-11-26,19.17,19.38,18.93,19.31,2039200
2021-11-29,17.98,19.07,17.98,18.81,1952700
2021-11-30,18.88,18.93,18.27,18.74,1579000
2021-12-01,18.08,18.79,18.08,18.79,1788900
2021-12-02,18.69,18.74,18.58,18.72,2243100
2021-12-03,18.72,18.76,18.22,18.22,2103100
2021-12-06,18.03,18.2,17.06,17.98,1723500
2021-12-07,18.22,18.65,17.98,18.27,1701600
2021-12-08,18.31,18.69,17.98,18.69,1703400
2021-12-09,18.69,18.74,18.46,18.74,1905600
2021-12-10,18.79,18.79,18.65,18.74,1709200
2021-12-13,18.79,18.88,18.22,18.81,2039600
2021-12-14,18.79,18.79,18.6,18.76,1789100
2021-12-15,18.79,18.81,18.53,18.81,2063400
2021-12-16,18.76,18.76,18.5,18.76,1833700
2021-12-17,18.74,18.76,18.29,18.62,2246000
2021-12-20,18.67,18.69,18.41,18.58,1916000
2021-12-21,18.55,18.6,18.39,18.6,1791900
2021-12-22,18.58,18.58,18.34,18.48,2109400
2021-12-23,18.48,18.48,17.75,18.29,4132900
2021-12-24,18.27,19.57,18.1,19.52,3663200
2021-12-27,19.64,20.82,19.55,20.82,3680800
2021-12-28,20.96,21.25,20.35,20.8,2819000
2021-12-29,20.8,21.3,20.11,21.3,2471900
2021-12-30,21.39,21.39,20.82,21.32,2310800
2021-12-31,21.25,21.72,21.2,21.58,2256900
2022-01-04,21.65,21.72,21.27,21.58,2208100
2022-01-05,21.51,21.58,20.94,21.3,1891900
2022-01-06,20.85,20.92,20.16,20.8,2666600
2022-01-07,20.73,20.73,19.78,20.09,2220900
2022-01-10,20.02,20.02,18.98,19.28,2225900
2022-01-11,18.93,19.14,18.48,18.48,1542500
2022-01-12,18.46,19.4,17.89,19.4,2239500
2022-01-13,19.88,19.97,19.28,19.69,2293800
2022-01-14,19.66,19.73,19.31,19.73,2199400
2022-01-17,20.25,20.25,18.96,19.64,1599900
2022-01-18,19.54,19.77,18.6,19.46,2322000
2022-01-19,19.39,19.57,19.08,19.46,1897600
2022-01-20,19.49,19.97,19.21,19.97,1889700
2022-01-21,19.97,19.97,19.16,19.97,2819000
2022-01-24,19.92,20.02,19.74,19.95,2014100
2022-01-25,19.92,20.33,19.74,20.33,1851700
2022-01-26,20.33,20.51,19.64,20.15,2597300
2022-01-27,20.05,20.05,19.49,19.85,1868000
2022-01-28,19.82,20.0,19.39,20.0,2306100
2022-02-07,19.97,20.02,19.69,20.0,1491800
2022-02-08,19.92,19.97,19.08,19.44,2174600
2022-02-09,19.44,19.87,19.01,19.54,2316500
2022-02-10,19.59,19.64,19.13,19.64,1873800
2022-02-11,19.59,19.59,19.26,19.46,1682400
2022-02-14,19.34,19.41,18.62,18.62,2070900
2022-02-15,18.52,19.13,18.06,18.93,1684900
2022-02-16,19.03,19.08,18.68,18.73,1671200
2022-02-17,18.85,19.03,18.47,18.47,1749400
2022-02-18,18.47,18.5,17.86,18.42,1850900
2022-02-21,18.4,18.5,18.19,18.47,1578100
2022-02-22,18.4,18.42,18.06,18.32,1514200
2022-02-23,18.5,18.55,17.86,18.55,2470400
2022-02-24,18.52,18.52,17.94,18.42,1656700
2022-02-25,18.37,18.47,18.29,18.47,1951000
2022-02-28,18.47,18.47,17.81,18.01,1641500
2022-03-01,18.09,18.85,17.63,18.78,2363400
2022-03-02,18.83,19.24,18.32,19.24,2107700
2022-03-03,19.01,19.26,18.62,19.26,1945800
2022-03-04,19.16,19.34,18.83,19.34,2497600
2022-03-07,19.34,19.36,18.88,19.24,1787200
2022-03-08,19.16,19.24,18.96,19.18,1994100
2022-03-09,19.13,19.18,18.73,19.08,1967100
2022-03-10,19.11,19.24,18.85,19.08,1989600
2022-03-11,19.01,19.08,18.83,19.08,1640800
2022-03-14,19.06,19.06,18.8,19.03,1666100
2022-03-15,18.96,19.08,18.85,19.08,1705300
2022-03-16,19.08,19.21,18.88,19.18,1772000
2022-03-17,19.18,19.24,18.88,19.24,1772500
2022-03-18,19.26,19.26,19.11,19.26,1525400
2022-03-21,19.21,19.31,18.88,19.26,1812000
2022-03-22,19.21,19.54,18.98,19.49,1925700
2022-03-23,19.29,19.49,19.24,19.44,1668100
2022-03-24,19.31,19.41,19.01,19.39,1654500
2022-03-25,19.36,19.46,19.06,19.39,1818000
2022-03-28,19.36,19.36,18.88,19.16,1901000
2022-03-29,19.16,19.16,18.57,18.57,2414800
2022-03-30,18.57,19.57,18.52,19.36,2563300
2022-03-31,19.31,19.46,19.11,19.36,2733800
2022-04-01,19.26,19.59,19.11,19.59,2517400
2022-04-04,19.59,19.64,19.34,19.62,2622900
2022-04-05,19.59,19.59,19.36,19.57,2567700
2022-04-06,19.52,19.57,19.36,19.57,1962800
2022-04-07,19.57,19.57,19.31,19.41,2743100
2022-04-08,19.34,19.36,18.78,19.24,2561800
2022-04-12,19.21,19.34,18.62,19.34,2092500
2022-04-13,19.26,19.36,19.18,19.36,2628300
2022-04-14,19.34,19.52,19.03,19.41,2506600
2022-04-15,19.39,19.39,19.21,19.34,2232600
2022-04-18,19.34,19.34,18.83,19.21,2373900
2022-04-19,19.18,19.24,19.08,19.16,1568100
2022-04-20,19.16,19.29,19.01,19.21,2131300
2022-04-21,19.18,19.34,19.11,19.31,2152900
2022-04-22,19.34,19.46,19.13,19.21,1989300
2022-04-25,19.21,19.21,18.06,18.06,1888400
2022-04-26,18.12,18.57,17.58,18.55,1919900
2022-04-27,18.55,18.85,18.37,18.85,1921900
2022-04-28,18.88,19.01,18.73,18.96,2046700
2022-04-29,18.96,18.98,18.42,18.7,2122200
2022-05-04,18.73,18.73,18.29,18.45,1708500
2022-05-05,18.47,18.52,18.19,18.42,1742000
2022-05-06,17.84,18.06,17.61,17.96,1626000
2022-05-09,17.81,17.86,17.28,17.56,1360900
2022-05-10,17.45,18.32,17.05,18.32,1349500
2022-05-11,18.29,18.32,17.81,18.32,1794600
2022-05-12,18.27,18.27,17.71,17.81,1866600
2022-05-13,17.81,17.96,17.05,17.63,1654600
2022-05-16,17.78,17.78,17.35,17.71,2204100
2022-05-17,17.63,17.81,17.4,17.71,1976300
2022-05-18,17.76,17.81,17.56,17.71,2171000
2022-05-19,17.63,17.68,17.33,17.61,1538900
2022-05-20,17.63,17.78,17.53,17.73,2006500
2022-05-23,17.76,17.81,17.48,17.56,1869800
2022-05-24,17.66,17.66,17.3,17.33,1786300
2022-05-25,17.4,17.4,16.95,17.33,2089500
2022-05-26,17.35,17.43,17.1,17.43,1940100
2022-05-27,17.4,17.61,17.2,17.61,2077400
2022-05-30,17.51,17.61,17.33,17.45,2614200
2022-05-31,17.33,17.38,17.12,17.2,2217400
2022-06-01,17.2,17.25,17.05,17.05,2002500
2022-06-02,17.07,17.23,16.87,17.2,2672500
2022-06-03,17.2,17.25,17.07,17.2,1673400
2022-06-06,17.28,17.28,17.05,17.17,1898500
2022-06-07,17.12,17.12,16.61,17.0,2023400
2022-06-08,17.17,17.23,17.0,17.2,2242300
2022-06-09,17.28,17.28,16.05,17.02,1794200
2022-06-10,17.0,17.02,16.79,16.84,1665400
2022-06-13,16.72,16.72,16.08,16.08,1947600
2022-06-14,15.95,16.79,15.55,16.79,2891900
2022-06-15,16.74,17.3,16.11,17.3,2526900
2022-06-16,17.55,18.25,17.28,18.25,1954400
2022-06-17,18.13,18.22,17.61,18.22,2014700
2022-06-20,18.19,18.22,17.61,18.22,2035800
2022-06-21,18.19,18.19,17.67,18.19,2046300
2022-06-22,18.19,18.77,17.73,18.67,2720500
2022-06-23,18.67,18.77,18.52,18.77,1676800
2022-06-24,18.77,18.95,18.31,18.95,2067000
2022-06-27,18.86,19.1,18.77,19.04,1279900
2022-06-28,19.07,19.34,18.95,19.1,1781900
2022-06-29,19.04,19.4,18.83,19.19,1722400
2022-06-30,19.25,19.31,19.13,19.19,1468000
2022-07-01,19.25,19.25,19.1,19.22,1715200
2022-07-04,19.28,19.28,19.01,19.22,1343700
2022-07-05,19.28,19.28,19.07,19.25,1657200
2022-07-06,19.22,19.25,18.89,19.07,1767700
2022-07-07,18.89,19.1,18.71,19.01,1181600
2022-07-08,19.04,19.25,18.8,19.25,1904600
2022-07-11,19.28,19.28,19.04,19.25,1343500
2022-07-12,19.19,19.43,19.16,19.43,1266400
2022-07-13,19.43,19.43,19.19,19.22,1864500
2022-07-14,19.16,19.19,18.98,19.13,1230600
2022-07-15,19.16,19.28,19.07,19.1,1603500
2022-07-18,19.13,19.31,18.98,19.31,1612000
2022-07-19,19.31,19.34,19.13,19.34,1323800
2022-07-20,19.31,19.43,19.28,19.43,1788100
2022-07-21,19.4,19.43,19.25,19.43,1554200
2022-07-22,19.4,19.49,19.25,19.4,1660400
2022-07-25,19.34,19.37,19.16,19.22,1526400
2022-07-26,19.13,19.28,19.04,19.28,1373400
2022-07-27,19.25,19.28,19.16,19.28,1729800
2022-07-28,18.58,19.31,18.28,19.31,2160800
2022-07-29,19.31,19.34,19.1,19.34,1515200
2022-08-01,19.28,19.4,19.13,19.4,1958600
2022-08-02,19.28,19.34,19.1,19.34,1878200
2022-08-03,19.25,19.31,19.13,19.31,1661500
2022-08-04,19.28,19.31,19.16,19.28,1997000
2022-08-05,19.25,19.28,19.1,19.16,1809400
2022-08-08,19.19,19.22,19.1,19.1,1852500
2022-08-09,19.1,19.13,18.89,18.98,1950700
2022-08-10,18.98,18.98,18.77,18.89,1839100
2022-08-11,18.98,19.13,18.8,19.13,2102500
2022-08-12,19.04,19.1,18.92,19.04,1773500
2022-08-15,19.13,19.13,18.98,19.13,1710000
2022-08-16,19.1,19.1,18.95,19.1,1678300
2022-08-17,19.04,19.13,19.01,19.13,1849200
2022-08-18,19.13,19.13,18.95,19.04,2069300
2022-08-19,19.04,19.04,18.92,18.98,1679800
2022-08-22,19.01,19.74,18.92,19.74,2008500
2022-08-23,19.74,19.74,19.49,19.74,1854400
2022-08-24,19.74,19.74,19.65,19.68,1735300
2022-08-25,19.62,19.68,19.31,19.68,1450200
2022-08-26,19.65,19.68,19.43,19.68,1774000
2022-08-29,19.56,19.56,19.25,19.56,1543700
2022-08-30,19.53,19.62,19.13,19.62,1097700
2022-08-31,19.13,19.59,18.83,19.59,2146600
2022-09-05,19.49,19.49,19.13,19.43,1158600
2022-09-06,19.4,19.46,19.31,19.43,1543100
2022-09-07,19.4,19.43,19.19,19.43,1611500
2022-09-08,19.43,19.43,19.22,19.4,1273500
2022-09-09,19.4,19.4,19.22,19.37,1419400
2022-09-12,19.37,19.37,19.13,19.13,1268653
2022-09-13,19.16,19.16,18.95,19.13,1292862
2022-09-14,19.1,19.1,18.89,19.07,1348000
2022-09-15,19.07,19.13,18.92,19.1,1451004
2022-09-16,19.07,19.13,18.98,19.13,1390374
2022-09-19,19.13,19.13,18.95,19.07,1444831
2022-09-20,18.89,19.16,18.89,19.13,1180217
2022-09-21,19.13,19.13,19.04,19.07,1120137
2022-09-22,19.07,19.07,18.8,19.01,1305207
2022-09-23,18.86,18.95,18.74,18.89,1116054
2022-09-26,18.28,18.83,18.28,18.52,1076437
2022-09-27,18.37,18.55,18.37,18.55,1316687
2022-09-28,18.58,18.58,18.34,18.55,1300314
2022-09-29,18.55,18.61,18.46,18.55,1160342
2022-09-30,18.49,18.58,18.37,18.58,1152715
2022-10-03,18.58,18.58,18.04,18.04,1123320
2022-10-04,18.55,18.55,17.92,17.92,1157245
2022-10-05,17.92,18.22,17.92,18.22,1161780
2022-10-06,18.25,18.34,17.86,18.1,1104914
2022-10-07,18.1,18.13,17.55,17.82,1053033
2022-10-10,17.82,17.86,17.55,17.64,924608
2022-10-11,17.58,17.64,16.88,16.94,777805
2022-10-12,16.94,18.13,16.88,18.01,1377283
2022-10-13,18.19,18.19,17.73,17.98,1112183
2022-10-14,18.16,18.16,17.82,18.01,1147887
2022-10-17,18.13,18.13,17.58,17.92,1146954
2022-10-18,18.07,18.1,17.76,17.92,1103060
2022-10-19,17.92,18.01,17.76,17.92,986236
2022-10-20,17.92,17.92,17.76,17.92,965654
2022-10-21,17.79,17.92,17.19,17.49,1030024
2022-10-24,17.64,17.64,16.91,17.31,855867
2022-10-25,17.52,17.61,17.07,17.61,998217
2022-10-26,17.64,17.89,17.49,17.61,753053
2022-10-27,17.52,18.83,17.1,18.83,1262094
2022-10-28,18.83,18.83,18.43,18.8,1230644
2022-10-31,18.83,18.83,18.61,18.8,979517
2022-11-01,18.74,18.83,18.71,18.83,1047764
2022-11-02,18.8,18.83,18.61,18.8,1005552
2022-11-03,18.77,18.8,18.49,18.49,1032286
2022-11-04,18.49,18.55,18.37,18.4,1042635
2022-11-07,18.43,18.49,18.22,18.22,1088260
2022-11-08,18.22,18.77,18.04,18.28,1043811
2022-11-09,18.34,18.58,18.22,18.28,1005179
2022-11-10,18.28,18.28,17.67,17.67,1187517
2022-11-11,17.7,18.25,17.7,18.25,1206824
2022-11-14,18.22,18.22,17.7,18.07,1125059
2022-11-15,17.98,18.1,17.43,17.79,952188
2022-11-16,17.79,18.25,17.43,18.1,1261433
2022-11-17,18.16,18.34,18.1,18.34,1137926
2022-11-18,18.34,18.37,18.07,18.22,1006018
2022-11-21,18.22,18.31,18.01,18.1,879614
2022-11-22,18.13,18.25,16.85,18.1,1269596
2022-11-23,18.1,18.16,18.01,18.01,947712
2022-11-24,18.01,18.04,17.89,17.95,940808
2022-11-25,17.95,18.1,17.95,18.1,1077907
2022-11-28,18.13,18.25,18.1,18.25,1394839
2022-11-29,18.28,18.31,18.07,18.28,1092186
2022-11-30,18.28,18.31,18.13,18.31,1240879
2022-12-01,18.31,18.4,18.25,18.4,1183875
2022-12-02,18.4,18.49,18.31,18.49,1445000
2022-12-05,18.52,18.64,18.49,18.64,1430161
2022-12-06,18.67,18.67,18.46,18.55,1417573
2022-12-07,18.55,18.58,18.46,18.58,1091994
2022-12-08,18.58,18.83,18.58,18.74,1276391
2022-12-09,18.74,18.77,18.49,18.67,1220083
2022-12-12,18.67,18.77,18.52,18.71,1222873
2022-12-13,18.71,18.83,18.61,18.83,1208033
2022-12-14,18.83,18.89,18.74,18.83,1184638
2022-12-15,18.83,18.95,18.77,18.89,1212298
2022-12-16,18.89,18.95,18.77,18.95,1197919
2022-12-19,18.95,19.07,18.86,19.01,1228263
2022-12-20,19.01,19.04,18.71,19.01,1341600
2022-12-21,19.01,19.07,18.92,19.07,1097885
2022-12-22,19.1,19.25,19.04,19.25,1232098
2022-12-23,19.25,19.31,19.13,19.28,767101
2022-12-26,19.28,19.34,19.07,19.22,877492
2022-12-27,19.22,19.43,19.16,19.43,973135
2022-12-28,19.43,19.62,19.25,19.62,1042645
2022-12-29,19.62,19.74,19.53,19.71,953519
2022-12-30,19.74,19.98,19.71,19.98,1301598
2023-01-03,20.01,20.31,19.98,20.22,1011314
2023-01-04,20.25,20.38,20.16,20.35,1114942
2023-01-05,20.38,20.5,20.28,20.44,915376
2023-01-06,20.44,20.56,20.35,20.5,1102751
2023-01-09,20.53,20.62,20.44,20.5,1007167
2023-01-10,20.5,20.56,20.35,20.47,974596
2023-01-11,20.47,20.59,20.41,20.53,1129239
2023-01-12,20.5,20.5,20.38,20.5,947863
2023-01-13,20.5,20.59,20.41,20.5,1061488
2023-01-16,20.53,20.56,20.38,20.56,1010000
2023-01-17,20.59,20.65,20.53,20.56,1042632
2023-01-18,20.56,20.65,20.5,20.59,1117200
2023-01-19,20.59,20.65,20.5,20.62,1073702
2023-01-27,20.65,20.8,20.62,20.68,1099477
2023-01-30,20.68,20.71,20.5,20.56,1121846
2023-01-31,20.56,20.56,20.41,20.53,1231369
2023-02-01,20.56,20.62,20.38,20.38,1032105
2023-02-02,20.38,20.44,20.25,20.31,1002517
2023-02-03,20.25,20.31,19.31,19.31,1200609
2023-02-06,19.37,19.37,19.19,19.34,1005099
2023-02-07,19.34,19.43,19.19,19.4,1033876
2023-02-08,19.4,19.59,19.34,19.43,1024970
2023-02-09,19.43,19.56,19.4,19.43,1000850
2023-02-10,19.46,19.49,19.34,19.4,931350
2023-02-13,19.4,19.43,19.25,19.28,909310
2023-02-14,19.25,19.37,19.19,19.25,901346
2023-02-15,19.25,19.4,19.25,19.34,968523
2023-02-16,19.37,19.43,19.31,19.4,918405
2023-02-17,19.4,19.46,19.31,19.4,893985
2023-02-20,19.4,19.62,19.4,19.62,938391
2023-02-21,19.62,19.68,19.53,19.59,1018056
2023-02-22,19.56,19.59,19.37,19.37,964918
2023-02-23,19.37,19.4,19.1,19.31,1094800
2023-02-24,19.34,19.37,18.95,19.19,973234
2023-02-27,19.19,19.22,18.95,19.13,886944
2023-02-28,19.16,19.28,19.13,19.28,877121
2023-03-01,19.28,19.49,19.16,19.46,900565
2023-03-02,19.46,19.53,19.34,19.43,918300
2023-03-03,19.43,19.53,19.19,19.4,869392
2023-03-06,19.43,19.65,19.43,19.53,934700
2023-03-07,19.53,19.74,19.53,19.68,929636
2023-03-08,19.62,19.74,19.46,19.74,876706
2023-03-09,19.77,19.83,19.56,19.8,1013877
2023-03-10,19.8,19.8,19.49,19.68,990289
2023-03-13,19.59,19.68,19.49,19.68,945906
2023-03-14,19.68,19.68,19.34,19.62,971109
2023-03-15,19.65,19.77,19.65,19.77,905394
2023-03-16,19.74,19.77,19.43,19.56,916831
2023-03-17,19.62,19.68,19.46,19.59,891716
2023-03-20,19.59,19.59,19.13,19.49,953401
2023-03-21,19.53,19.59,19.07,19.53,982214
2023-03-22,19.56,19.59,19.19,19.53,921884
2023-03-23,19.49,19.53,19.16,19.53,951834
2023-03-24,19.53,19.56,19.16,19.25,820110
2023-03-27,19.28,19.28,19.07,19.25,816829
2023-03-28,19.25,19.25,19.04,19.13,754554
2023-03-29,19.13,19.16,18.95,19.07,756537
2023-03-30,19.07,19.1,18.92,19.1,871969
2023-03-31,19.1,19.13,18.92,19.1,865151
2023-04-03,19.1,19.19,18.98,19.19,892864
2023-04-04,19.19,19.22,19.01,19.13,819400
2023-04-05,19.1,19.16,18.95,19.16,929632
2023-04-06,19.16,19.16,18.95,19.04,1017456
2023-04-07,19.04,19.04,18.89,19.01,831429
2023-04-10,19.01,19.07,18.92,19.01,787756
2023-04-11,18.92,19.04,18.86,19.04,825600
2023-04-12,19.04,19.04,18.89,19.04,862535
2023-04-13,19.04,19.04,18.89,19.04,835505
2023-04-14,19.01,19.04,18.89,19.01,806138
2023-04-17,18.98,19.04,18.92,19.04,726503
2023-04-18,19.04,19.04,18.89,18.98,833315
2023-04-19,18.98,19.01,18.89,18.92,746100
2023-04-20,18.95,18.95,18.83,18.95,715554
2023-04-21,18.95,18.98,18.83,18.89,776404
2023-04-24,18.89,18.92,18.74,18.89,763207
2023-04-25,18.89,18.89,18.71,18.74,631668
2023-04-26,18.74,18.74,18.43,18.46,579640
2023-04-27,18.49,18.58,18.37,18.58,845059
2023-04-28,18.58,19.4,18.58,19.4,945857
2023-05-04,19.37,19.37,19.04,19.1,623203
2023-05-05,19.1,19.13,18.98,19.1,538123
2023-05-08,19.13,19.22,19.1,19.16,624773
2023-05-09,19.16,19.28,19.07,19.16,666203
2023-05-10,19.16,19.19,19.07,19.07,449152
2023-05-11,19.07,19.1,18.95,18.95,520933
2023-05-12,18.95,18.95,18.77,18.83,544113
2023-05-15,18.86,18.95,18.71,18.71,487510
2023-05-16,18.71,18.74,18.43,18.43,511618
2023-05-17,18.4,18.43,18.25,18.25,559133
2023-05-18,18.25,18.25,18.07,18.25,649695
2023-05-19,18.25,18.25,18.1,18.19,540216
2023-05-22,18.19,18.31,18.16,18.31,560255
2023-05-23,18.31,18.37,18.16,18.22,528573
2023-05-24,18.25,18.28,18.13,18.16,488618
2023-05-25,18.13,18.19,18.01,18.16,621002
2023-05-26,18.19,18.28,18.16,18.25,580066
2023-05-29,18.25,18.46,18.25,18.34,511777
2023-05-30,18.37,18.4,18.19,18.34,546963
2023-05-31,18.34,18.43,18.25,18.43,537255
2023-06-01,18.46,18.58,18.43,18.55,611508
2023-06-02,18.61,19.01,18.61,19.01,591585
2023-06-05,19.04,19.19,19.04,19.13,498015
2023-06-06,19.13,19.22,19.04,19.16,608993
2023-06-07,19.19,19.22,19.04,19.19,531931
2023-06-08,19.22,19.25,19.01,19.07,526044
2023-06-09,19.07,19.13,18.98,19.04,693892
2023-06-12,19.07,19.19,18.98,19.16,444828
2023-06-13,19.16,19.43,19.13,19.13,599222
2023-06-14,19.16,19.25,19.07,19.13,565030
2023-06-15,19.07,19.16,19.04,19.13,738524
2023-06-16,19.16,19.19,18.98,19.1,631516
2023-06-19,19.13,19.19,19.07,19.1,608961
2023-06-20,19.1,19.16,19.07,19.13,715609
2023-06-21,19.16,19.28,19.1,19.28,649052
2023-06-22,19.31,19.4,19.28,19.37,709023
2023-06-23,19.46,19.83,19.43,19.83,997482
2023-06-26,19.83,19.87,19.61,19.83,758394
2023-06-27,19.83,19.87,19.76,19.87,738873
2023-06-28,19.87,19.94,19.87,19.94,666726
2023-06-29,19.94,20.01,19.83,19.83,779230
2023-06-30,19.83,19.87,19.76,19.76,601757
2023-07-03,19.76,19.83,19.72,19.76,724295
2023-07-04,19.79,19.83,19.72,19.79,693511
2023-07-05,19.83,19.94,19.79,19.94,582200
2023-07-06,19.94,20.89,19.94,20.89,615875
2023-07-07,20.93,20.93,20.78,20.93,674706
2023-07-10,20.96,21.0,20.89,21.0,877758
2023-07-11,21.04,21.18,20.96,21.11,932601
2023-07-12,21.11,21.18,20.89,20.96,562371
2023-07-13,21.0,21.14,20.93,21.14,892518
2023-07-14,21.18,21.22,21.04,21.18,666834
2023-07-17,21.25,21.25,21.11,21.25,639146
2023-07-18,21.25,21.4,21.22,21.4,882334
2023-07-19,21.44,21.47,21.36,21.4,642616
2023-07-20,21.4,21.51,21.33,21.4,706810
2023-07-21,21.4,21.51,21.33,21.4,866172
2023-07-24,21.44,21.55,21.33,21.47,820014
2023-07-25,21.47,21.55,21.44,21.55,1010612
2023-07-26,21.55,21.62,21.51,21.62,1036095
2023-07-27,21.62,21.69,21.55,21.66,837380
2023-07-28,21.66,21.73,21.55,21.69,1068042
2023-07-31,21.73,21.88,21.29,21.29,1398290
2023-08-01,21.33,21.88,21.33,21.88,1361192
2023-08-02,21.84,22.09,21.8,22.09,2962654
2023-08-03,22.13,22.17,21.98,22.09,1008142
2023-08-04,22.13,22.86,21.18,21.18,5278143
2023-08-07,21.25,22.09,21.25,22.09,1557675
2023-08-08,21.91,22.2,21.47,22.13,3619484
2023-08-09,22.13,22.24,21.55,21.91,1337353
2023-08-10,21.95,21.98,21.4,21.91,1211423
2023-08-11,21.91,22.2,21.62,22.2,2873089
2023-08-14,22.24,22.24,20.93,21.73,1057386
2023-08-15,21.55,21.55,21.04,21.55,938569
2023-08-16,21.4,21.58,21.0,21.55,1029870
2023-08-17,21.04,21.47,21.04,21.47,1255990
2023-08-18,21.4,21.4,19.98,20.05,1080350
2023-08-21,20.12,20.52,19.43,19.43,1041291
2023-08-22,19.61,20.6,19.61,20.6,1194114
2023-08-23,20.67,20.67,19.17,20.6,1233060
2023-08-24,20.6,20.78,19.72,20.78,1145481
2023-08-25,20.23,20.78,19.98,20.6,874565
2023-08-28,20.6,20.67,20.05,20.67,1119919
2023-08-29,20.67,20.71,20.12,20.71,1750296
2023-08-30,20.71,20.74,20.2,20.52,1416835
2023-08-31,20.3,20.6,20.05,20.52,1484876
2023-09-05,20.52,20.6,20.09,20.09,1409430
2023-09-06,20.09,20.34,19.72,20.3,1317586
2023-09-07,20.16,20.27,19.9,20.05,1526265
2023-09-08,19.98,20.27,19.94,20.09,1274924
2023-09-11,20.12,20.12,19.65,19.72,1578487
2023-09-12,19.72,20.09,19.5,19.98,1260774
2023-09-13,19.87,19.87,19.43,19.83,1634705
2023-09-14,19.46,19.83,19.21,19.21,1253119
2023-09-15,19.25,19.72,19.25,19.72,1225748
2023-09-18,19.28,19.72,19.21,19.57,1150326
2023-09-19,19.54,19.57,19.03,19.57,1160436
2023-09-20,19.17,19.54,19.1,19.36,1138821
2023-09-21,19.06,19.43,19.06,19.36,1567937
2023-09-22,18.92,19.28,18.62,18.62,1148696
2023-09-25,18.62,18.99,18.52,18.99,1224280
2023-09-26,19.06,19.46,18.52,19.14,1471626
2023-09-27,19.17,19.32,18.66,19.17,1173498
2023-09-28,18.99,19.21,18.22,18.26,1225931
2023-09-29,18.15,18.41,18.11,18.26,1031923
2023-10-02,18.26,18.37,18.11,18.26,939995
2023-10-03,17.97,18.3,17.97,18.19,1017549
2023-10-04,18.26,18.26,17.86,17.86,1065468
2023-10-05,17.75,17.97,17.57,17.89,898738
2023-10-06,17.89,18.0,17.78,17.89,1180147
2023-10-09,17.93,18.0,17.57,17.93,907244
2023-10-10,17.97,18.04,17.86,17.97,1005631
2023-10-11,18.0,18.08,17.89,18.08,825703
2023-10-12,18.11,18.26,18.0,18.08,1121340
2023-10-13,17.97,18.11,17.6,18.11,1133078
2023-10-16,18.04,18.26,17.68,18.11,809862
2023-10-17,18.11,18.19,18.0,18.08,877923
2023-10-18,18.0,18.15,17.97,18.04,1230876
2023-10-19,18.04,18.11,17.68,17.97,1154237
2023-10-20,17.97,18.19,17.82,17.86,1103396
2023-10-23,17.93,18.11,17.93,18.11,1418134
2023-10-24,18.19,18.84,18.15,18.84,1642066
2023-10-25,18.88,18.95,18.77,18.92,1121037
2023-10-26,18.92,18.92,18.52,18.62,1199630
2023-10-27,18.66,18.73,18.44,18.66,1194540
2023-10-30,18.66,18.7,18.52,18.52,1000102
2023-10-31,18.41,18.84,18.37,18.84,1085490
2023-11-01,18.84,18.99,18.81,18.92,1198681
2023-11-02,18.92,18.99,18.81,18.95,1031200
2023-11-03,18.95,18.99,17.75,17.75,2027607
2023-11-06,18.04,18.62,18.04,18.48,994274
2023-11-07,18.26,18.52,17.78,17.82,1441512
2023-11-08,17.82,18.22,17.6,18.22,1083367
2023-11-09,18.22,18.22,17.89,17.89,1260354
2023-11-10,17.71,17.93,17.38,17.38,1384998
2023-11-13,16.84,17.09,16.76,16.8,1516695
2023-11-14,16.8,17.16,16.62,16.91,1663653
2023-11-15,16.91,17.35,16.91,17.16,1458439
2023-11-16,17.05,17.16,16.8,17.13,1651967
2023-11-17,17.16,17.16,16.47,16.91,1591838
2023-11-20,16.69,16.91,16.29,16.91,2119247
2023-11-21,16.8,16.91,16.47,16.91,1518062
2023-11-22,16.84,16.87,16.51,16.87,1392262
2023-11-23,16.62,16.8,16.54,16.8,1351893
2023-11-24,16.69,16.87,16.29,16.87,2328205
2023-11-27,16.51,16.87,16.51,16.84,1412938
2023-11-28,16.54,16.84,16.51,16.84,1428439
2023-11-29,16.8,16.84,16.54,16.84,1618947
2023-11-30,16.73,16.8,16.51,16.51,1411382
2023-12-01,16.4,16.73,16.36,16.58,1137719
2023-12-04,16.58,16.65,16.4,16.62,1266810
2023-12-05,16.58,16.62,16.43,16.58,978127
2023-12-06,16.54,16.58,16.47,16.58,1103914
2023-12-07,16.54,16.58,16.43,16.58,1386339
2023-12-08,16.58,16.58,16.43,16.58,1421193
2023-12-11,16.51,16.58,16.43,16.54,1078777
2023-12-12,16.54,16.54,16.43,16.54,1165999
2023-12-13,16.54,16.58,16.43,16.51,1115474
2023-12-14,16.51,16.58,16.43,16.51,1035101
2023-12-15,16.47,16.51,16.36,16.51,1231768
2023-12-18,16.51,16.51,16.36,16.51,1082268
2023-12-19,16.36,16.51,16.36,16.51,1005212
2023-12-20,16.36,16.51,16.36,16.51,1026116
2023-12-21,16.51,16.51,16.4,16.51,1151121
2023-12-22,16.51,16.54,16.36,16.51,1245738
2023-12-25,16.51,16.62,16.43,16.54,1082226
2023-12-26,16.54,16.62,16.47,16.58,1004496
2023-12-27,16.58,16.62,16.54,16.54,1035073
2023-12-28,16.54,17.53,16.47,17.27,1321862
2023-12-29,17.31,17.49,17.31,17.46,1220462
2024-01-02,17.46,17.6,16.94,17.49,1283313
2024-01-03,17.49,17.49,17.02,17.02,1271031
2024-01-04,17.05,17.46,16.84,17.2,1178659
2024-01-05,17.2,17.46,17.09,17.24,1134446
2024-01-08,17.24,17.31,17.02,17.02,1050832
2024-01-09,16.91,17.16,16.91,17.13,1080732
2024-01-10,17.13,17.16,16.91,17.09,1268679
2024-01-11,17.09,17.46,16.94,17.24,1367620
2024-01-12,17.24,17.24,16.98,17.13,1200913
2024-01-15,17.13,17.13,16.98,17.02,1185571
2024-01-16,16.84,17.05,16.65,16.76,1124126
2024-01-17,16.73,16.91,16.69,16.84,1633675
2024-01-18,16.87,16.91,16.73,16.84,1982922
2024-01-19,16.84,16.91,16.76,16.87,1857110
2024-01-22,16.91,17.02,16.84,16.98,1726954
2024-01-23,16.98,17.02,16.73,16.87,1378928
2024-01-24,16.84,16.98,16.65,16.87,1390683
2024-01-25,16.91,16.91,16.69,16.87,1371296
2024-01-26,16.73,16.87,16.73,16.87,1452888
2024-01-29,16.84,16.87,16.73,16.8,1345391
2024-01-30,16.73,16.8,16.65,16.8,1383719
2024-01-31,16.8,16.87,16.36,16.73,1616651
2024-02-01,16.58,16.73,16.43,16.62,1354998
2024-02-02,16.58,16.65,16.21,16.62,2020251
2024-02-05,16.62,16.84,16.32,16.8,1574234
2024-02-06,16.8,16.87,16.62,16.8,1345912
2024-02-07,16.76,16.94,16.58,16.94,1475384
2024-02-15,16.94,17.02,16.69,16.98,1561541
2024-02-16,17.02,17.02,16.8,16.98,1301006
2024-02-19,16.98,17.02,16.69,16.84,1430719
2024-02-20,16.87,16.87,16.62,16.8,1495967
2024-02-21,16.69,16.84,16.51,16.76,1681549
2024-02-22,16.76,16.8,16.54,16.8,1391538
2024-02-23,16.8,16.94,16.65,16.8,1502059
2024-02-26,16.65,16.8,16.58,16.73,1290611
2024-02-27,16.73,16.73,16.47,16.73,1765623
2024-02-28,16.54,16.76,16.51,16.76,1603321
2024-02-29,16.76,16.8,16.54,16.73,1433794
2024-03-01,16.58,16.76,16.54,16.76,1385983
2024-03-04,16.76,16.8,16.58,16.69,1503749
2024-03-05,16.69,16.69,16.54,16.69,1450299
2024-03-06,16.58,16.69,16.47,16.62,1532248
2024-03-07,16.62,16.62,16.47,16.62,1442536
2024-03-08,16.62,16.65,16.4,16.58,1385788
2024-03-11,16.54,16.58,16.25,16.47,1764656
2024-03-12,16.51,16.51,16.25,16.47,1474802
2024-03-13,16.47,16.54,16.29,16.51,1416086
2024-03-14,16.51,16.54,16.32,16.51,1498243
2024-03-15,16.51,16.58,16.32,16.51,1549723
2024-03-18,16.51,16.54,16.25,16.4,1391144
2024-03-19,16.29,16.4,16.14,16.4,1463357
2024-03-20,16.29,16.47,16.18,16.47,1571098
2024-03-21,16.51,16.54,16.29,16.47,1327810
2024-03-22,16.47,16.51,16.32,16.32,1353467
2024-03-25,16.21,16.36,16.14,16.14,1428999
2024-03-26,16.21,16.32,16.07,16.29,1385730
2024-03-27,16.1,16.32,16.07,16.21,1430852
2024-03-28,16.1,16.21,16.03,16.21,1341603
2024-03-29,16.03,16.18,16.03,16.14,1373692
2024-04-01,16.14,16.18,15.92,16.14,1403949
2024-04-02,15.92,16.14,15.85,16.1,1350348
2024-04-03,15.89,16.1,15.78,16.07,2067396
2024-04-04,16.1,16.14,15.89,16.07,1372141
2024-04-05,15.89,16.07,15.81,16.03,1408733
2024-04-08,15.89,16.03,15.78,16.0,1448098
2024-04-09,15.85,16.0,15.78,16.0,1600541
2024-04-10,16.0,16.07,15.81,16.07,2010323
2024-04-11,15.85,16.1,15.85,16.1,2017227
2024-04-12,16.14,16.51,16.07,16.51,2563307
2024-04-15,16.47,16.51,16.07,16.32,2154778
2024-04-16,16.36,16.36,15.19,16.18,2587126
2024-04-17,16.21,16.51,15.96,16.21,2152191
2024-04-19,16.21,16.25,15.7,16.14,2113576
2024-04-22,16.14,16.29,15.89,16.18,2197341
2024-04-23,16.0,16.18,15.7,16.07,2202345
2024-04-24,16.07,16.18,16.0,16.14,2019728
2024-04-25,16.1,16.14,15.78,16.07,2171611
2024-04-26,16.07,16.07,15.7,16.07,2234848
2024-05-02,16.07,16.1,15.81,16.03,1786780
2024-05-03,16.07,16.07,15.85,16.0,1906673
2024-05-06,16.0,16.07,15.85,16.07,1885037
2024-05-07,16.07,16.1,15.92,16.1,1926174
2024-05-08,16.1,16.14,15.89,16.0,2727115
2024-05-09,16.03,16.07,15.89,16.03,1979795
2024-05-10,16.03,16.07,15.85,15.89,2040635
2024-05-13,15.92,15.96,15.78,15.89,1855772
2024-05-14,15.92,15.92,15.78,15.85,1292540
2024-05-15,15.85,15.89,15.74,15.89,1499155
2024-05-16,15.89,16.18,15.78,16.14,1895253
2024-05-17,16.14,16.14,15.85,16.07,1717263
2024-05-20,16.07,16.1,15.92,16.07,1772029
2024-05-21,16.07,16.07,15.89,16.03,1643512
2024-05-22,16.03,16.07,15.85,16.0,1707409
2024-05-23,16.0,16.03,15.81,16.03,1793221
2024-05-24,16.03,16.03,15.78,15.96,1870071
2024-05-27,15.89,15.96,15.78,15.81,1599282
2024-05-28,15.81,15.81,15.63,15.81,1795105
2024-05-29,15.81,15.81,15.56,15.78,1908984
2024-05-30,15.63,15.74,15.56,15.7,1810589
2024-05-31,15.7,15.7,15.56,15.7,1555017
2024-06-03,15.7,15.85,15.63,15.78,1536171
2024-06-04,15.78,15.78,15.63,15.78,1588919
2024-06-05,15.67,15.85,15.67,15.85,1514441
2024-06-06,15.92,15.92,15.74,15.85,1708165
2024-06-07,15.81,15.89,15.7,15.81,1626210
2024-06-10,15.81,15.85,15.7,15.81,1530941
2024-06-11,15.81,15.81,15.59,15.74,1541502
2024-06-12,15.74,15.78,15.52,15.78,1670366
2024-06-13,15.78,15.85,15.74,15.85,2332448
2024-06-14,15.85,16.65,15.78,16.07,3330809
2024-06-17,16.25,16.8,16.1,16.36,4300441
2024-06-18,16.43,16.87,16.43,16.58,4049926
2024-06-19,16.65,16.87,16.58,16.73,4469320
2024-06-20,16.76,17.16,16.76,16.98,4499154
2024-06-21,17.13,17.53,17.09,17.35,4239539
2024-06-24,17.46,17.49,16.4,16.51,5241097
2024-06-25,16.51,16.54,15.45,15.45,3716076
2024-06-26,15.52,16.03,15.12,15.45,3419384
2024-06-27,15.48,15.48,14.61,15.19,3591814
2024-06-28,15.16,15.19,14.75,15.19,3107122
2024-07-01,15.19,15.23,14.9,15.23,3336175
2024-07-02,15.27,15.27,14.94,15.27,3652527
2024-07-03,15.23,15.3,15.01,15.3,3008775
2024-07-04,15.3,15.34,15.12,15.27,2808934
2024-07-05,15.27,15.27,15.12,15.27,2556804
2024-07-08,15.23,15.27,14.97,15.23,2657078
2024-07-09,15.05,15.27,15.01,15.27,2912460
2024-07-10,15.12,15.3,15.12,15.27,2778748
2024-07-11,15.23,15.3,15.19,15.27,2678743
2024-07-12,15.23,15.3,15.16,15.19,2682765
2024-07-15,15.19,15.19,15.05,15.19,2565237
2024-07-16,15.16,15.27,15.05,15.19,2565673
2024-07-17,15.23,15.27,15.08,15.19,2664312
2024-07-18,15.19,15.34,15.05,15.34,2942097
2024-07-19,15.3,15.41,15.19,15.37,2690976
2024-07-22,15.41,15.48,15.23,15.45,2891493
2024-07-23,15.48,15.7,15.37,15.67,2704096
2024-07-24,15.7,16.07,15.63,16.03,2671502
2024-07-25,15.45,16.0,15.45,16.0,2474348
2024-07-26,16.07,16.07,15.78,16.03,2276908
2024-07-29,16.03,16.03,15.81,16.03,2376937
2024-07-30,15.85,16.03,15.85,16.0,2210110
2024-07-31,16.0,16.0,15.78,15.92,2533815
2024-08-01,15.92,16.29,15.78,16.03,2894777
2024-08-02,16.03,16.51,15.63,16.51,2979495
2024-08-05,16.29,16.29,15.37,16.0,2951485
2024-08-06,16.14,16.14,15.74,16.07,3062645
2024-08-07,15.81,16.07,15.78,15.78,2693757
2024-08-08,15.48,15.81,15.48,15.78,2521985
2024-08-09,15.81,15.85,15.63,15.85,2280499
2024-08-12,15.78,15.96,15.74,15.89,2237242
2024-08-13,15.78,15.96,15.56,15.56,2397620
2024-08-14,15.74,15.78,15.67,15.78,2116488
2024-08-15,15.85,15.85,15.63,15.74,2099508
2024-08-16,15.78,15.81,15.63,15.78,2739399
2024-08-19,15.81,15.81,15.63,15.78,2474384
2024-08-20,15.78,15.81,15.7,15.78,3006214
2024-08-21,15.67,15.81,15.63,15.81,2853677
2024-08-22,15.74,16.58,15.74,16.58,4993394
2024-08-23,16.3,16.97,16.3,16.59,2789868
2024-08-26,16.43,16.51,16.35,16.47,2722354
2024-08-27,16.35,16.47,16.05,16.1,2237430
2024-08-28,16.14,16.14,15.85,15.97,2383075
2024-08-29,15.85,15.97,15.81,15.89,2522113
2024-08-30,16.05,16.05,15.76,15.93,2270517
2024-09-04,15.56,15.93,15.35,15.35,2612254
2024-09-05,15.35,15.52,15.27,15.35,2496388
2024-09-06,15.39,15.39,14.93,14.93,1716016
2024-09-09,14.93,15.02,14.73,15.02,810475
2024-09-10,14.85,15.02,14.1,14.1,2496741
2024-09-11,14.1,14.52,13.28,13.28,2223679
2024-09-12,13.36,13.69,12.49,12.49,5286739
2024-09-13,12.86,13.03,12.61,12.65,2207277
2024-09-16,12.78,13.19,12.61,12.65,2988462
2024-09-17,12.86,13.03,12.65,12.82,1636087
2024-09-18,12.94,13.11,12.94,12.94,1748818
2024-09-19,13.11,13.81,13.07,13.81,2753189
2024-09-20,13.98,14.35,13.65,13.73,2710830
2024-09-23,13.86,13.86,13.23,13.23,2010572
2024-09-24,13.28,13.81,13.19,13.69,1050389
2024-09-25,14.1,14.1,13.73,13.81,1937206
2024-09-26,13.81,14.15,13.81,14.1,2564952
2024-09-27,14.1,14.23,13.98,14.1,1645272
2024-09-30,14.1,14.15,13.98,14.15,1547539
2024-10-01,14.15,14.56,14.1,14.48,2013670
2024-10-02,14.35,14.6,14.27,14.56,1754953
2024-10-03,14.52,14.93,14.52,14.77,2636128
2024-10-04,14.77,14.77,14.48,14.52,2104565
2024-10-07,14.48,14.52,14.19,14.19,1637112
2024-10-08,14.19,14.27,14.06,14.19,2261957
2024-10-09,14.19,14.93,14.06,14.52,2215822
2024-10-10,14.6,14.77,14.52,14.52,2136504
2024-10-11,14.64,14.69,14.52,14.6,1602433
2024-10-14,14.73,14.73,14.44,14.44,2022979
2024-10-15,14.19,14.6,14.19,14.44,1611643
2024-10-16,14.1,14.35,13.86,13.86,1671867
2024-10-17,13.86,13.94,13.44,13.9,2141326
2024-10-18,13.9,14.23,13.86,13.86,1701020
2024-10-21,13.65,13.9,13.65,13.86,2020700
2024-10-22,13.81,13.86,13.65,13.86,1849916
2024-10-23,13.86,13.86,13.65,13.81,1855939
2024-10-24,13.77,13.81,13.61,13.81,1718139
2024-10-25,13.81,13.81,13.57,13.81,1740056
2024-10-28,13.61,13.81,13.61,13.81,1894553
2024-10-29,13.81,13.86,13.65,13.77,1841211
2024-10-30,13.69,13.69,13.48,13.69,3269794
2024-10-31,13.65,13.73,13.48,13.73,1933473
2024-11-01,13.57,14.06,13.57,14.06,2699076
2024-11-04,13.94,13.94,13.61,13.86,2031531
2024-11-05,13.77,13.9,13.57,13.9,1758927
2024-11-06,13.9,14.06,13.81,14.02,1861600
2024-11-07,14.02,14.1,13.81,13.98,1618025
2024-11-08,13.98,14.02,13.69,13.9,1735803
2024-11-11,13.9,13.94,13.61,13.86,1707503
2024-11-12,13.86,13.86,13.65,13.81,1717929
2024-11-13,13.61,13.86,13.57,13.86,1861832
2024-11-14,13.61,13.9,13.61,13.9,1873769
2024-11-15,13.86,13.94,13.73,13.94,1784930
2024-11-18,13.77,13.98,13.61,13.98,3546681
2024-11-19,13.73,14.1,13.69,14.02,3300778
2024-11-20,13.73,14.02,13.73,14.02,1906560
2024-11-21,13.86,14.02,13.73,14.02,2244218
2024-11-22,13.98,14.02,13.86,14.02,1698403
2024-11-25,13.98,14.02,13.86,13.98,1973796
2024-11-26,13.94,14.02,13.9,14.02,1845641
2024-11-27,13.9,14.06,13.9,14.06,1939982
2024-11-28,14.1,14.19,13.94,14.1,1943981
2024-11-29,14.1,14.1,13.94,14.1,2163829
2024-12-02,14.1,14.15,13.98,14.06,1740907
2024-12-03,14.06,14.1,13.9,14.1,1830117
2024-12-04,13.94,14.06,13.9,14.06,1748927
2024-12-05,14.06,14.27,13.94,14.27,2303060
2024-12-06,14.1,14.6,14.1,14.31,1858285
2024-12-09,14.19,14.44,14.1,14.35,2471806
2024-12-10,14.35,14.48,14.31,14.4,2289869
2024-12-11,14.4,14.44,14.19,14.4,2087182
2024-12-12,14.4,14.44,14.23,14.44,1754875
2024-12-13,14.31,14.44,14.19,14.4,1794331
2024-12-16,14.4,14.4,14.19,14.35,1705124
2024-12-17,14.31,14.35,14.06,14.35,2372990
2024-12-18,14.19,14.31,14.19,14.31,1527188
2024-12-19,14.15,14.19,13.69,13.69,2265427
2024-12-20,13.94,14.02,13.69,13.86,1582406
2024-12-23,13.81,14.06,13.77,14.06,1748984
2024-12-24,14.02,14.15,13.9,14.15,1701548
2024-12-25,13.98,14.31,13.98,14.31,1926572
2024-12-26,14.31,14.35,14.02,14.02,1694330
2024-12-27,14.15,14.27,14.02,14.02,1742509
2024-12-30,13.94,14.06,13.86,13.86,1727914
2024-12-31,13.98,13.98,13.77,13.9,1631757
2025-01-02,14.02,14.02,13.65,13.9,1645100
2025-01-03,13.9,13.94,13.69,13.94,1760915
2025-01-06,13.81,13.9,13.77,13.9,1709806
2025-01-07,13.9,13.94,13.73,13.94,3200983
2025-01-08,13.81,14.19,13.77,14.19,2125030
2025-01-09,14.35,14.35,14.02,14.15,1947068
2025-01-10,14.15,14.44,14.06,14.44,2156452
2025-01-13,14.15,14.6,14.15,14.52,2536245
2025-01-14,14.23,14.48,14.23,14.48,1886580
2025-01-15,14.31,14.69,14.19,14.69,3356686
2025-01-16,14.69,14.77,14.35,14.77,2525637
2025-01-17,14.6,14.85,14.6,14.85,2077810
2025-01-20,14.64,14.93,14.64,14.93,1936802
2025-01-21,14.93,15.31,14.89,15.31,2693851
2025-01-22,15.43,15.56,15.22,15.56,1964986
2025-01-23,15.56,15.72,15.43,15.56,2136000
2025-01-24,15.43,15.6,15.02,15.56,2278355
2025-02-03,15.18,15.52,14.6,15.52,2093288
2025-02-04,15.52,15.6,15.02,15.6,1936336
2025-02-05,15.39,15.6,15.35,15.47,1994851
2025-02-06,15.6,15.6,15.22,15.47,2184224
2025-02-07,15.1,15.56,15.1,15.52,2243446
2025-02-10,15.35,15.52,15.02,15.52,2479505
2025-02-11,15.47,15.72,15.31,15.72,2695206
2025-02-12,15.72,15.72,15.52,15.72,2281836
2025-02-13,15.68,15.81,15.47,15.81,1661533
2025-02-14,15.93,16.18,15.89,16.18,2372642
2025-02-17,16.05,16.51,15.97,16.47,2086155
2025-02-18,16.51,16.51,16.26,16.39,1976023
2025-02-19,16.26,16.43,16.18,16.26,1773345
2025-02-20,16.1,16.39,16.01,16.26,2215916
2025-02-21,16.18,16.26,16.01,16.22,1843730
2025-02-24,16.01,16.3,15.89,16.3,2046383
2025-02-25,16.3,16.35,16.1,16.26,1775064
2025-02-26,16.35,16.35,16.01,16.01,1781376
2025-02-27,16.01,16.18,15.81,16.18,1774031
2025-02-28,16.22,16.22,15.81,16.1,2261722
2025-03-03,16.1,16.26,15.85,16.14,1712046
2025-03-04,15.89,16.14,15.89,16.14,1912056
2025-03-05,16.14,16.18,16.01,16.14,1802423
2025-03-06,16.18,16.39,16.1,16.14,1880902
2025-03-07,16.14,16.3,16.01,16.3,1792408
2025-03-10,16.35,16.47,16.3,16.43,1859713
2025-03-11,16.43,16.43,16.14,16.43,1856249
2025-03-12,16.43,16.51,16.22,16.47,1621447
2025-03-13,16.47,16.47,16.22,16.43,1847839
2025-03-14,16.43,16.43,16.26,16.43,1681735
2025-03-17,16.51,16.51,16.3,16.43,1792245
2025-03-18,16.47,16.47,16.26,16.35,1512614
2025-03-19,16.35,16.43,16.22,16.43,1733325
2025-03-20,16.43,16.47,16.3,16.47,2061214
2025-03-21,16.43,16.47,16.22,16.47,1985497
2025-03-24,16.47,16.47,16.18,16.39,2007658
2025-03-25,16.43,16.51,16.18,16.43,1990787
2025-03-26,16.26,16.47,16.22,16.22,1910920
2025-03-27,16.43,16.43,16.1,16.26,1795458
2025-03-28,16.3,16.35,16.1,16.35,1925790
2025-03-31,16.35,16.35,16.05,16.22,1834050
2025-04-01,16.26,16.26,16.05,16.22,1960788
2025-04-02,16.26,16.26,15.93,15.93,2060131
2025-04-03,16.18,16.18,15.39,15.52,1899774
2025-04-04,16.43,16.43,15.64,15.93,2661411
2025-04-08,16.01,16.01,15.06,15.76,1599354
2025-04-09,15.68,16.05,15.02,16.01,2472537
2025-04-10,16.97,17.13,16.59,17.13,2673025
2025-04-11,16.22,17.26,16.22,16.59,2331451
2025-04-14,15.89,16.55,15.85,15.89,2445393
2025-04-15,15.43,15.85,15.02,15.43,1970264
2025-04-16,15.18,15.52,15.06,15.52,1980976
2025-04-17,15.85,16.39,15.68,16.05,2853227
2025-04-18,16.26,16.26,15.97,16.05,1996459
2025-04-21,16.01,16.05,15.6,15.81,1827773
2025-04-22,15.6,15.93,15.14,15.93,2622992
2025-04-23,16.47,16.51,15.35,15.35,1962016
2025-04-24,15.39,15.68,15.31,15.43,2197238
2025-04-25,15.52,15.56,15.02,15.02,4412043
2025-04-28,15.14,15.52,15.1,15.43,1787233
2025-04-29,15.52,15.6,15.27,15.27,1741265
2025-05-05,15.31,15.35,15.1,15.31,1809136
2025-05-06,15.31,15.43,15.14,15.31,1712136
2025-05-07,15.35,15.39,15.22,15.39,1759376
2025-05-08,15.31,15.52,15.27,15.52,2036480
2025-05-09,15.35,15.6,15.35,15.52,1683296
2025-05-12,15.56,15.89,15.43,15.76,2486474
2025-05-13,15.76,15.81,15.52,15.52,2102746
2025-05-14,15.43,15.68,15.43,15.64,2399893
2025-05-15,15.56,16.18,15.56,16.1,2780847
2025-05-16,15.97,16.1,15.72,15.76,1978773
2025-05-19,15.76,15.76,15.47,15.6,1968311
2025-05-20,15.43,15.64,15.35,15.64,2086231
2025-05-21,15.64,15.64,15.43,15.52,2214543
2025-05-22,15.43,15.47,15.35,15.47,2080121
2025-05-23,15.52,15.6,15.35,15.47,1738809
2025-05-26,15.39,15.47,15.14,15.47,2406731
2025-05-27,15.47,15.47,15.31,15.31,1759438
2025-05-28,15.31,15.47,15.31,15.43,1999382
2025-05-29,15.43,15.43,15.27,15.27,1923038
2025-05-30,15.27,15.27,15.14,15.27,2368284
2025-06-02,15.27,15.39,15.1,15.35,2170500
2025-06-03,15.35,15.43,15.18,15.18,2281584
2025-06-04,15.22,15.31,15.14,15.14,2371172
2025-06-05,15.22,15.27,15.02,15.02,2250232
2025-06-06,14.98,15.14,14.93,15.1,1947882
2025-06-09,15.02,15.06,14.93,15.06,1993542
2025-06-10,15.22,15.22,14.98,15.02,2093416
2025-06-11,14.98,15.1,14.89,14.98,2170719
2025-06-12,15.1,15.1,14.89,15.06,2037280
2025-06-13,15.02,15.02,14.69,14.89,2317435
2025-06-16,14.93,14.93,14.73,14.89,2072770
2025-06-17,14.93,14.93,14.73,14.89,1959309
2025-06-18,14.89,14.93,14.73,14.89,1891899
2025-06-19,14.73,15.02,14.73,15.02,2225894
2025-06-20,15.02,15.06,14.93,15.06,2577090
2025-06-23,15.02,15.02,14.93,15.02,1809182
2025-06-24,15.02,15.06,14.89,15.02,2141018
2025-06-25,15.02,15.02,14.85,15.02,1936264
2025-06-26,14.89,15.06,14.85,15.06,2159673
2025-06-27,15.06,15.06,14.89,15.06,2029082
2025-06-30,15.06,15.06,14.98,15.06,1902406
2025-07-01,15.06,15.06,14.93,14.93,1932167
2025-07-02,14.93,15.06,14.93,15.06,2086830
2025-07-03,15.06,15.22,14.98,15.18,2137693
2025-07-04,15.27,15.35,15.14,15.35,2056874
2025-07-07,15.35,15.68,15.35,15.68,2646558
2025-07-08,15.64,15.76,15.52,15.68,2219167
2025-07-09,15.68,15.85,15.64,15.85,2518646
2025-07-10,15.89,15.93,15.76,15.93,2570032
2025-07-11,15.97,16.1,15.81,16.01,2512452
2025-07-14,16.05,16.05,15.81,15.97,2324137
2025-07-15,16.01,16.01,15.85,16.01,2194443
2025-07-16,15.97,16.1,15.93,16.1,2426406
2025-07-17,16.18,16.59,16.01,16.59,2831657
2025-07-18,16.55,16.59,16.3,16.43,2326562
2025-07-21,16.43,16.55,16.26,16.51,2556398
2025-07-22,16.64,16.64,16.18,16.59,3367108
2025-07-23,16.59,16.68,16.39,16.47,2398096
2025-07-24,16.51,16.68,16.43,16.55,1941435
2025-07-25,16.55,17.38,16.55,17.17,2940740
2025-07-28,17.34,17.55,17.01,17.51,3192053
2025-07-29,17.17,17.55,16.51,16.51,2383336
2025-07-30,16.47,16.8,15.85,15.97,2627130
2025-07-31,16.22,16.72,16.18,16.18,2879638
2025-08-01,17.3,17.3,16.26,16.26,4121528
2025-08-04,16.47,16.8,15.89,16.8,2965375
2025-08-05,16.8,17.3,16.18,16.26,4154721
2025-08-06,16.43,17.01,16.35,16.59,4509801
2025-08-07,16.64,16.76,16.26,16.43,4216271
2025-08-08,16.51,16.68,16.43,16.68,3830140
2025-08-11,16.68,17.09,16.59,17.01,5107087
2025-08-12,17.01,17.05,16.68,16.93,4139327
2025-08-13,16.93,16.97,16.47,16.55,4279928
2025-08-14,16.8,17.26,16.55,17.26,5196959
2025-08-15,18.17,18.17,17.05,17.13,5451241
2025-08-18,17.17,17.26,16.8,17.09,3330802
2025-08-19,17.09,17.26,16.84,17.17,3540717
2025-08-20,17.17,17.92,16.93,17.92,6448687
2025-08-21,18.17,19.17,17.92,19.17,4820870
2025-08-22,19.17,19.75,18.17,18.34,5142439
2025-08-25,18.71,18.71,17.17,17.22,4145466
2025-08-26,17.17,18.09,16.76,18.09,2773790
2025-08-27,18.09,18.13,17.51,17.76,3036488
2025-08-28,17.67,17.96,17.26,17.84,2660357
2025-08-29,17.96,18.09,17.59,17.76,2967129
2025-09-03,17.51,17.84,17.47,17.55,2675420
2025-09-04,17.76,17.96,17.59,17.96,2613216
2025-09-05,17.96,18.21,17.42,17.42,3373700
2025-09-08,17.47,17.55,16.55,16.55,3583040
2025-09-09,16.55,16.76,16.26,16.3,2870666
2025-09-10,16.39,16.68,16.39,16.55,2498425
2025-09-11,16.59,16.84,15.93,16.68,2718549
2025-09-12,16.68,16.8,16.26,16.3,2537645
2025-09-15,16.51,16.51,16.26,16.47,2673098
2025-09-16,16.59,16.68,16.3,16.59,3095241
2025-09-17,16.55,16.76,16.43,16.68,2915835
2025-09-18,16.68,16.72,16.22,16.59,2468556
2025-09-19,16.55,16.59,16.26,16.26,2227827
2025-09-22,16.26,16.47,16.01,16.01,4010136
2025-09-23,16.05,16.22,15.93,16.01,3915333
2025-09-24,16.01,16.59,15.76,16.18,2852780
2025-09-25,16.22,16.43,16.14,16.14,3513554
2025-09-26,16.22,16.26,16.01,16.18,2933327
2025-09-29,16.18,16.18,15.81,16.18,2518254
2025-09-30,16.18,16.18,15.81,16.01,2227571
2025-10-01,16.01,16.1,15.85,16.1,2442700
2025-10-02,16.1,16.14,15.93,16.01,2992308
2025-10-03,16.05,16.05,15.76,15.76,2246829
2025-10-06,16.51,16.51,15.85,16.35,2618411
2025-10-07,16.35,16.39,15.93,15.93,2274602
2025-10-08,16.05,16.14,15.93,15.93,3085900
2025-10-09,15.89,16.05,15.81,15.85,2536613
2025-10-10,15.85,16.14,15.81,16.14,2944022
2025-10-13,15.93,16.14,15.76,16.14,3555131
2025-10-14,16.14,16.14,15.85,16.1,2918848
2025-10-15,15.93,16.05,15.76,15.76,2607995
2025-10-16,15.81,15.89,15.43,15.76,3683133
2025-10-17,15.72,15.72,15.31,15.31,2764673
2025-10-20,15.47,15.6,14.44,14.44,3429145
2025-10-21,14.85,15.43,14.48,15.39,3558789
2025-10-22,15.52,15.52,14.64,15.14,2614316
2025-10-23,15.27,15.27,14.77,15.06,2611699
2025-10-24,15.06,15.06,14.64,14.93,2742664
2025-10-27,14.89,14.89,14.56,14.56,2729502
2025-10-28,14.6,14.73,14.15,14.73,2473838
2025-10-29,14.73,14.89,14.44,14.89,3226160
2025-10-30,14.89,14.89,14.56,14.85,2597654
2025-10-31,14.77,14.85,14.48,14.69,4155585
2025-11-03,14.69,14.73,14.35,14.73,2883025
2025-11-04,14.44,14.77,14.27,14.77,3189028
2025-11-05,14.69,14.73,14.4,14.52,2440375
2025-11-06,14.4,14.52,14.27,14.48,2486497
2025-11-07,14.27,14.4,14.02,14.27,2925106
2025-11-10,14.31,14.31,13.98,13.98,2664608
2025-11-11,14.02,14.02,13.77,13.77,2892837
2025-11-12,13.81,14.27,13.77,14.23,3632751
2025-11-13,14.1,14.31,14.02,14.23,3531817
2025-11-14,14.15,14.19,14.02,14.1,3217335
2025-11-17,14.1,14.48,14.02,14.48,3403376
2025-11-18,14.48,14.48,14.15,14.4,3416139
2025-11-19,14.4,14.4,14.1,14.27,3172569
2025-11-20,14.23,14.27,14.1,14.1,3062186
2025-11-21,13.94,14.23,13.94,14.23,2858557
2025-11-24,14.19,14.44,14.06,14.44,2412240
2025-11-25,14.27,14.35,14.02,14.19,2523997
2025-11-26,14.15,14.31,14.1,14.31,3298258
2025-11-27,14.35,14.48,14.23,14.4,2880610
2025-11-28,14.27,14.4,14.19,14.35,2728266
2025-12-01,14.35,14.35,14.15,14.27,2656495
2025-12-02,14.27,14.31,14.15,14.31,2776187
2025-12-03,14.35,14.73,14.31,14.73,3154882
2025-12-04,14.77,14.77,14.52,14.69,2562091
2025-12-05,14.69,14.69,14.4,14.69,2919489
2025-12-08,14.4,14.6,14.4,14.56,2405538
2025-12-09,14.44,14.52,14.19,14.44,2739182
2025-12-10,14.35,14.56,14.27,14.48,2437350
2025-12-11,14.52,14.52,14.27,14.48,2337945
2025-12-12,14.48,14.48,14.1,14.35,2486860
2025-12-15,14.31,14.31,14.1,14.27,2726488
2025-12-16,14.27,14.56,14.15,14.56,2456213
2025-12-17,14.48,14.52,14.27,14.48,2423514
2025-12-18,14.44,14.48,14.19,14.48,3121227
2025-12-19,14.48,14.52,14.35,14.52,2248039
2025-12-22,14.52,14.73,14.4,14.73,2159442
2025-12-23,14.69,14.69,14.44,14.52,2663019
2025-12-24,14.6,14.6,14.27,14.52,2309300
2025-12-25,14.35,14.52,14.27,14.4,2046556
2025-12-26,14.44,14.44,14.19,14.35,2094765
2025-12-29,14.23,14.35,14.19,14.35,1790642
2025-12-30,14.35,14.35,14.19,14.27,1789714
2025-12-31,14.31,14.48,14.15,14.48,2415442
2026-01-05,14.44,14.44,14.15,14.27,2069193
2026-01-06,14.31,14.35,14.1,14.35,2072157
2026-01-07,14.35,14.4,14.23,14.4,2371862
2026-01-08,14.4,14.52,14.27,14.44,2681224
2026-01-09,14.44,14.48,14.31,14.4,2098793
2026-01-12,14.44,14.73,14.35,14.73,2812003
2026-01-13,14.77,14.77,14.52,14.69,2658035
2026-01-14,14.69,14.89,14.56,14.85,3409805
2026-01-15,14.85,14.89,14.64,14.89,2165087
2026-01-16,14.89,14.93,14.77,14.93,1923893
2026-01-19,14.93,14.93,14.77,14.93,2357347
2026-01-20,14.89,14.89,14.64,14.69,2628578
2026-01-21,14.64,14.64,14.31,14.44,2312281
2026-01-22,14.35,14.69,14.35,14.69,1975497
2026-01-23,14.56,14.69,14.44,14.64,1994113
2026-01-26,14.6,14.6,14.27,14.4,1970135
2026-01-27,14.4,14.52,14.27,14.48,1801397
2026-01-28,14.52,14.56,14.31,14.48,1849075
2026-01-29,14.48,14.48,14.31,14.48,1856746
2026-01-30,14.44,14.52,14.23,14.23,2377652
2026-02-02,14.15,14.23,13.9,14.23,2940647
2026-02-03,14.15,14.23,13.98,14.1,2109543
2026-02-04,14.1,14.1,13.98,14.1,2105938
2026-02-05,14.06,14.1,13.94,13.94,2234958
2026-02-06,13.94,13.94,13.73,13.94,2247490
2026-02-09,13.86,13.94,13.73,13.9,2213591
2026-02-10,13.86,13.9,13.69,13.9,2015264
2026-02-11,13.86,14.1,13.77,14.1,2254537
2026-02-12,14.1,14.1,13.81,14.06,2133444
2026-02-13,14.02,14.1,13.9,14.1,2281924
2026-02-23,14.23,14.23,14.06,14.19,1609773
2026-02-24,14.1,14.15,14.02,14.1,2219939
2026-02-25,14.02,14.1,13.94,14.06,2123110
2026-02-26,14.06,14.1,13.9,14.1,2114832
2026-02-27,14.06,14.1,13.9,14.02,1994610
2026-03-02,13.77,13.94,13.73,13.94,2261572
2026-03-03,13.94,13.94,13.69,13.9,1927375
2026-03-04,13.73,13.94,13.61,13.94,2360575
2026-03-05,13.77,14.1,13.69,14.1,2784357
2026-03-06,14.06,14.1,13.81,14.1,2316314
2026-03-09,13.77,13.81,13.23,13.52,2310383
2026-03-10,13.69,13.73,13.44,13.69,2038840
2026-03-11,13.52,13.81,13.48,13.77,1996817
2026-03-12,13.57,13.73,13.52,13.73,2119775
2026-03-13,13.69,13.73,13.57,13.73,1559635
2026-03-16,13.73,13.73,13.57,13.73,2105051
2026-03-17,13.73,13.81,13.73,13.81,1752561
2026-03-18,13.86,13.94,13.77,13.94,1829330
2026-03-19,13.81,14.1,13.77,14.06,2878579
2026-03-20,14.06,14.06,13.9,14.02,1830784
2026-03-23,13.98,13.98,13.57,13.94,1855962
2026-03-24,13.94,13.94,13.77,13.94,1994702
2026-03-25,13.9,13.98,13.81,13.9,1775152
2026-03-26,13.9,13.9,13.77,13.9,2023171
2026-03-27,13.86,14.02,13.81,14.02,1879316
2026-03-30,13.98,14.02,13.77,14.02,1937501
2026-03-31,13.98,14.06,13.9,14.06,1800773
2026-04-01,14.1,14.15,14.02,14.1,1748022
2026-04-02,14.06,14.06,13.9,14.02,1858844
2026-04-03,14.02,14.06,13.86,13.94,1802628
2026-04-06,13.94,13.94,13.81,13.9,1938718
2026-04-07,13.94,13.94,13.81,13.94,1853747
2026-04-08,14.1,14.1,13.98,14.1,1785816
2026-04-09,14.4,14.4,14.15,14.23,1710895
2026-04-10,14.23,14.23,14.02,14.23,2370751
2026-04-13,14.06,14.23,14.06,14.19,2042564
2026-04-14,14.19,14.19,14.02,14.1,2184834
2026-04-15,14.1,14.15,13.94,14.02,1932429
2026-04-16,13.94,14.02,13.77,13.81,1956897
2026-04-17,13.81,13.98,13.73,13.98,2120837
2026-04-20,13.94,14.02,13.81,13.98,2196385
2026-04-21,13.98,13.98,13.81,13.94,1839482
2026-04-22,13.94,13.98,13.77,13.94,2356273
2026-04-23,13.9,13.94,13.77,13.86,2017404
2026-04-24,13.86,13.9,13.69,13.81,1888666
2026-04-28,13.81,13.81,13.69,13.81,1415735
2026-04-29,13.73,13.86,13.69,13.86,1809896
2026-05-04,13.86,13.9,13.77,13.9,1990455
2026-05-05,13.9,13.9,13.73,13.9,1924539
2026-05-06,13.77,13.94,13.77,13.94,1900819
2026-05-07,13.94,14.02,13.9,13.94,1894901
2026-05-08,13.94,13.98,13.81,13.94,1841818
2026-05-11,13.9,13.94,13.77,13.86,2099595
2026-05-12,13.86,13.86,13.73,13.73,1957437
2026-05-13,13.81,13.81,13.69,13.81,1918309
2026-05-14,13.81,13.86,13.77,13.86,1833364
2026-05-15,13.86,13.86,13.69,13.69,2008893
2026-05-18,13.73,13.73,13.57,13.73,1942376
2026-05-19,13.77,13.77,13.61,13.69,1989549
2026-05-20,13.65,13.69,13.57,13.65,1878472
2026-05-21,13.65,13.73,13.57,13.73,2094470
2026-05-22,13.73,13.86,13.69,13.86,1846224
2026-05-25,13.86,14.27,13.86,14.27,1899315
2026-05-26,14.23,14.48,14.19,14.48,2119235
2026-05-27,14.48,14.85,14.31,14.85,3937569
2026-05-28,14.85,14.95,14.3,14.45,1858823
2026-05-29,14.5,14.5,14.0,14.0,2358100
